<?xml version="1.0" encoding="UTF-8"?>
<config date="1746583068206" transient="false">
	<site updateable="true" url="file:/Users/praneshgautam/.p2/pool/" enabled="true" policy="MANAGED-ONLY">
		<feature id="org.eclipse.e4.rcp" version="4.35.0.v20250228-0640" url="features/org.eclipse.e4.rcp_4.35.0.v20250228-0640/">
		</feature>
		<feature id="org.eclipse.equinox.p2.core.feature" version="1.7.500.v20250212-0912" url="features/org.eclipse.equinox.p2.core.feature_1.7.500.v20250212-0912/">
		</feature>
		<feature id="org.eclipse.equinox.p2.extras.feature" version="1.4.2700.v20250212-0912" url="features/org.eclipse.equinox.p2.extras.feature_1.4.2700.v20250212-0912/">
		</feature>
		<feature id="org.eclipse.mylyn.jdt.feature" version="4.6.0.v20241229-1209" url="features/org.eclipse.mylyn.jdt.feature_4.6.0.v20241229-1209/" plugin-identifier="org.eclipse.mylyn.context.core">
		</feature>
		<feature id="org.eclipse.emf.ecore" version="2.39.0.v20241018-1213" url="features/org.eclipse.emf.ecore_2.39.0.v20241018-1213/">
		</feature>
		<feature id="org.eclipse.mylyn.git.feature" version="4.6.0.v20241229-1209" url="features/org.eclipse.mylyn.git.feature_4.6.0.v20241229-1209/" plugin-identifier="org.eclipse.mylyn.versions.core">
		</feature>
		<feature id="org.eclipse.mylyn.ide.feature" version="4.6.0.v20241229-1209" url="features/org.eclipse.mylyn.ide.feature_4.6.0.v20241229-1209/" plugin-identifier="org.eclipse.mylyn.context.core">
		</feature>
		<feature id="org.eclipse.jdt" version="3.20.100.v20250228-0140" url="features/org.eclipse.jdt_3.20.100.v20250228-0140/">
		</feature>
		<feature id="org.eclipse.tm.terminal.connector.ssh.feature" version="12.0.0.202501171425" url="features/org.eclipse.tm.terminal.connector.ssh.feature_12.0.0.202501171425/" plugin-identifier="org.eclipse.tm.terminal.connector.ssh">
		</feature>
		<feature id="org.eclipse.egit" version="7.2.0.202503040940-r" url="features/org.eclipse.egit_7.2.0.202503040940-r/">
		</feature>
		<feature id="org.eclipse.m2e.logback.feature" version="2.7.0.20241001-1350" url="features/org.eclipse.m2e.logback.feature_2.7.0.20241001-1350/" plugin-identifier="org.eclipse.m2e.core">
		</feature>
		<feature id="org.eclipse.mylyn.commons.activity.feature" version="4.6.0.v20241229-1209" url="features/org.eclipse.mylyn.commons.activity.feature_4.6.0.v20241229-1209/" plugin-identifier="org.eclipse.mylyn.tasks.activity.ui">
		</feature>
		<feature id="org.eclipse.buildship" version="3.1.10.v20240802-1314" url="features/org.eclipse.buildship_3.1.10.v20240802-1314/" plugin-identifier="org.eclipse.buildship.branding">
		</feature>
		<feature id="org.eclipse.mylyn.builds.feature" version="4.6.0.v20241229-1209" url="features/org.eclipse.mylyn.builds.feature_4.6.0.v20241229-1209/" plugin-identifier="org.eclipse.mylyn.builds.core">
		</feature>
		<feature id="org.eclipse.mylyn.commons.identity.feature" version="4.6.0.v20241229-1209" url="features/org.eclipse.mylyn.commons.identity.feature_4.6.0.v20241229-1209/" plugin-identifier="org.eclipse.mylyn.commons.core">
		</feature>
		<feature id="org.eclipse.mylyn.context.feature" version="4.6.0.v20241229-1209" url="features/org.eclipse.mylyn.context.feature_4.6.0.v20241229-1209/" plugin-identifier="org.eclipse.mylyn.context.core">
		</feature>
		<feature id="org.eclipse.mylyn.jenkins.feature" version="4.6.0.v20241229-1209" url="features/org.eclipse.mylyn.jenkins.feature_4.6.0.v20241229-1209/" plugin-identifier="org.eclipse.mylyn.builds.core">
		</feature>
		<feature id="org.eclipse.tm.terminal.control.feature" version="12.0.0.202501171425" url="features/org.eclipse.tm.terminal.control.feature_12.0.0.202501171425/" plugin-identifier="org.eclipse.tm.terminal.control">
		</feature>
		<feature id="org.eclipse.justj.openjdk.hotspot.jre.full" version="21.0.7.v20250502-0916" url="features/org.eclipse.justj.openjdk.hotspot.jre.full_21.0.7.v20250502-0916/">
		</feature>
		<feature id="org.eclipse.tm4e.feature" version="0.14.1.202501141527" url="features/org.eclipse.tm4e.feature_0.14.1.202501141527/">
		</feature>
		<feature id="org.eclipse.emf.common" version="2.34.0.v20241204-1554" url="features/org.eclipse.emf.common_2.34.0.v20241204-1554/">
		</feature>
		<feature id="org.eclipse.epp.mpc" version="1.12.0.v20250130-1529" url="features/org.eclipse.epp.mpc_1.12.0.v20250130-1529/" plugin-identifier="org.eclipse.epp.mpc.ui">
		</feature>
		<feature id="org.eclipse.mylyn.monitor.feature" version="4.6.0.v20241229-1209" url="features/org.eclipse.mylyn.monitor.feature_4.6.0.v20241229-1209/" plugin-identifier="org.eclipse.mylyn.commons.core">
		</feature>
		<feature id="org.eclipse.oomph.p2" version="1.33.0.v20250302-1233" url="features/org.eclipse.oomph.p2_1.33.0.v20250302-1233/">
		</feature>
		<feature id="org.eclipse.oomph.setup" version="1.36.0.v20250407-1158" url="features/org.eclipse.oomph.setup_1.36.0.v20250407-1158/">
		</feature>
		<feature id="org.eclipse.equinox.p2.user.ui" version="2.4.2700.v20250212-0912" url="features/org.eclipse.equinox.p2.user.ui_2.4.2700.v20250212-0912/">
		</feature>
		<feature id="org.eclipse.mylyn.egit.feature" version="4.6.0.v20241229-1209" url="features/org.eclipse.mylyn.egit.feature_4.6.0.v20241229-1209/" plugin-identifier="org.eclipse.mylyn.tasks.core">
		</feature>
		<feature id="org.eclipse.ecf.core.feature" version="1.7.0.v20250111-0100" url="features/org.eclipse.ecf.core.feature_1.7.0.v20250111-0100/">
		</feature>
		<feature id="org.eclipse.mylyn.team.feature" version="4.6.0.v20241229-1209" url="features/org.eclipse.mylyn.team.feature_4.6.0.v20241229-1209/" plugin-identifier="org.eclipse.mylyn.context.core">
		</feature>
		<feature id="org.eclipse.oomph.setup.core" version="1.34.0.v20250407-1158" url="features/org.eclipse.oomph.setup.core_1.34.0.v20250407-1158/">
		</feature>
		<feature id="org.eclipse.mylyn.versions.feature" version="4.6.0.v20241229-1209" url="features/org.eclipse.mylyn.versions.feature_4.6.0.v20241229-1209/" plugin-identifier="org.eclipse.mylyn.versions.core">
		</feature>
		<feature id="org.eclipse.m2e.feature" version="2.8.0.20250224-0720" url="features/org.eclipse.m2e.feature_2.8.0.20250224-0720/" plugin-identifier="org.eclipse.m2e.core">
		</feature>
		<feature id="org.eclipse.tips.feature" version="0.4.600.v20241126-1843" url="features/org.eclipse.tips.feature_0.4.600.v20241126-1843/">
		</feature>
		<feature id="org.eclipse.eclemma.feature" version="3.1.9.202405260028" url="features/org.eclipse.eclemma.feature_3.1.9.202405260028/" plugin-identifier="org.eclipse.eclemma.ui">
		</feature>
		<feature id="org.eclipse.jgit" version="7.2.0.202503040940-r" url="features/org.eclipse.jgit_7.2.0.202503040940-r/">
		</feature>
		<feature id="org.eclipse.rcp" version="4.35.0.v20250228-0640" url="features/org.eclipse.rcp_4.35.0.v20250228-0640/">
		</feature>
		<feature id="org.eclipse.tm.terminal.connector.telnet.feature" version="12.0.0.202501070137" url="features/org.eclipse.tm.terminal.connector.telnet.feature_12.0.0.202501070137/">
		</feature>
		<feature id="org.eclipse.tm.terminal.view.feature" version="12.0.0.202501171425" url="features/org.eclipse.tm.terminal.view.feature_12.0.0.202501171425/" plugin-identifier="org.eclipse.tm.terminal.view.ui">
		</feature>
		<feature id="org.eclipse.equinox.p2.rcp.feature" version="1.4.2700.v20250212-0912" url="features/org.eclipse.equinox.p2.rcp.feature_1.4.2700.v20250212-0912/">
		</feature>
		<feature id="org.eclipse.jdt.bcoview.feature" version="1.2.700.v20250114-1355" url="features/org.eclipse.jdt.bcoview.feature_1.2.700.v20250114-1355/">
		</feature>
		<feature id="org.eclipse.mylyn.commons.repositories.feature" version="4.6.0.v20241229-1209" url="features/org.eclipse.mylyn.commons.repositories.feature_4.6.0.v20241229-1209/" plugin-identifier="org.eclipse.mylyn.commons.core">
		</feature>
		<feature id="org.eclipse.tm.terminal.feature" version="12.0.0.202410081652" url="features/org.eclipse.tm.terminal.feature_12.0.0.202410081652/" plugin-identifier="org.eclipse.tm.terminal.view.core">
		</feature>
		<feature id="org.eclipse.mylyn.reviews.feature" version="4.6.0.v20241229-1209" url="features/org.eclipse.mylyn.reviews.feature_4.6.0.v20241229-1209/" plugin-identifier="org.eclipse.mylyn.reviews.core">
		</feature>
		<feature id="org.eclipse.platform" version="4.35.0.v20250228-0640" url="features/org.eclipse.platform_4.35.0.v20250228-0640/">
		</feature>
		<feature id="org.eclipse.tm4e.language_pack.feature" version="0.14.1.202501052236" url="features/org.eclipse.tm4e.language_pack.feature_0.14.1.202501052236/">
		</feature>
		<feature id="org.eclipse.m2e.lemminx.feature" version="2.6.0.20250208-1755" url="features/org.eclipse.m2e.lemminx.feature_2.6.0.20250208-1755/">
		</feature>
		<feature id="org.eclipse.ecf.filetransfer.httpclient5.feature" version="1.2.0.v20250122-1953" url="features/org.eclipse.ecf.filetransfer.httpclient5.feature_1.2.0.v20250122-1953/">
		</feature>
		<feature id="org.eclipse.help" version="2.3.2100.v20250228-0140" url="features/org.eclipse.help_2.3.2100.v20250228-0140/" plugin-identifier="org.eclipse.help.base">
		</feature>
		<feature id="org.eclipse.mylyn.tasks.feature" version="4.6.0.v20241229-1209" url="features/org.eclipse.mylyn.tasks.feature_4.6.0.v20241229-1209/" plugin-identifier="org.eclipse.mylyn.tasks.core">
		</feature>
		<feature id="org.eclipse.equinox.p2.discovery.feature" version="1.3.700.v20250129-0523" url="features/org.eclipse.equinox.p2.discovery.feature_1.3.700.v20250129-0523/">
		</feature>
		<feature id="org.eclipse.jgit.gpg.bc" version="7.2.0.202503040940-r" url="features/org.eclipse.jgit.gpg.bc_7.2.0.202503040940-r/">
		</feature>
		<feature id="org.eclipse.epp.package.common.feature" version="4.35.0.20250306-0811" url="features/org.eclipse.epp.package.common.feature_4.35.0.20250306-0811/">
		</feature>
		<feature id="org.eclipse.mylyn.commons.feature" version="4.6.0.v20241229-1209" url="features/org.eclipse.mylyn.commons.feature_4.6.0.v20241229-1209/" plugin-identifier="org.eclipse.mylyn.commons.core">
		</feature>
		<feature id="org.eclipse.jgit.ssh.apache" version="7.2.0.202503040940-r" url="features/org.eclipse.jgit.ssh.apache_7.2.0.202503040940-r/">
		</feature>
		<feature id="org.eclipse.mylyn.commons.notifications.feature" version="4.6.0.v20241229-1209" url="features/org.eclipse.mylyn.commons.notifications.feature_4.6.0.v20241229-1209/" plugin-identifier="org.eclipse.mylyn.commons.core">
		</feature>
		<feature id="org.eclipse.mylyn.github.feature" version="6.7.0.v20241229-1209" url="features/org.eclipse.mylyn.github.feature_6.7.0.v20241229-1209/" plugin-identifier="org.eclipse.mylyn.tasks.core">
		</feature>
		<feature id="org.eclipse.ecf.filetransfer.httpclientjava.feature" version="2.1.0.v20250108-1923" url="features/org.eclipse.ecf.filetransfer.httpclientjava.feature_2.1.0.v20250108-1923/">
		</feature>
		<feature id="org.eclipse.mylyn.wikitext.feature" version="4.6.0.v20250108-1719" url="features/org.eclipse.mylyn.wikitext.feature_4.6.0.v20250108-1719/" plugin-identifier="org.eclipse.mylyn.wikitext">
		</feature>
		<feature id="org.eclipse.ecf.filetransfer.feature" version="3.15.0.v20250115-0406" url="features/org.eclipse.ecf.filetransfer.feature_3.15.0.v20250115-0406/">
		</feature>
		<feature id="org.eclipse.wildwebdeveloper.xml.feature" version="1.3.6.202409052135" url="features/org.eclipse.wildwebdeveloper.xml.feature_1.3.6.202409052135/">
		</feature>
		<feature id="org.eclipse.jgit.http.apache" version="7.2.0.202503040940-r" url="features/org.eclipse.jgit.http.apache_7.2.0.202503040940-r/">
		</feature>
		<feature id="org.eclipse.tm.terminal.connector.local.feature" version="12.0.0.202412281548" url="features/org.eclipse.tm.terminal.connector.local.feature_12.0.0.202412281548/">
		</feature>
		<feature id="org.eclipse.epp.package.java.feature" version="4.35.0.20250306-0811" url="features/org.eclipse.epp.package.java.feature_4.35.0.20250306-0811/" plugin-identifier="org.eclipse.epp.package.java">
		</feature>
	</site>
</config>
